{
  "threshold": 0.855093240737915,
  "policy": "r_at_precision_0.90",
  "abstain_band": [
    0.7550932407379151,
    0.955093240737915
  ]
}