{
  "threshold": 0.5089768163598059,
  "policy": "r_at_precision_0.90",
  "abstain_band": [
    0.4089768163598059,
    0.6089768163598058
  ],
  "w_sgd": 1.0,
  "w_nb": 1.0
}